"Kens Steel","Cool metal",2021-9-20
BigWood,Hardwood,2021-9-12
skanska,buildings,2021-9-8
skanska,buildings,2021-9-8
"Nick Bos","Plaugh Safely.",2021-09-10
"Nick's Steel company","SHITTY STEEL",2021-09-23
"Nick's Steel company","SHITTY STEEL",2021-09-23
"Nick's Steel company","SHITTY STEEL",2021-09-23
1,2,2021-10-10
1,2,2021-10-10
2,3,2021-10-10
Test,Test,2021-10-11
"New Event","good time",2021-10-11,18:17
"NEW delivery",stuff,2021-10-13,13:58
Hello,Food,2021-10-15,13:03
Hello,"NEW DELIVERY",2021-10-15,13:07
"Joes hardware",lumber,2021-10-03,02:08
"Contractor 1",lumber,2021-10-14,12:26
DAFGLKHJDFSALHKJDSAFHKLJDFSALHKJDFASLHKJ,DFSLJKDSFLJHKDSFJKLDSFJKLDFSL,2021-10-20,13:52
adsjkladsjklads,adslkadsljk,2021-10-07,13:50
"new delivery",rhjkewahkjahkjdsa,2021-09-27,14:16
"Date Test",asddsdas,2021-10-06,11:37
"Date test 2",dasads,2021-09-02,11:41
